utc,project,pids_current,live_tasks,zombie_children,zombie_comm,failing_streak,health,pid1_comm
2026-09-28T18:29:29Z,nexa_rem_env01_before,128,14,114,ssl_client:114,0,healthy,caddy
2026-09-28T18:29:29Z,nexa_rem_env01_after,15,15,0,,0,healthy,docker-init
2026-09-28T18:30:30Z,nexa_rem_env01_before,140,14,126,ssl_client:126,0,healthy,caddy
2026-09-28T18:30:30Z,nexa_rem_env01_after,15,15,0,,0,healthy,docker-init
2026-09-28T18:31:30Z,nexa_rem_env01_before,152,14,138,ssl_client:138,0,healthy,caddy
2026-09-28T18:31:30Z,nexa_rem_env01_after,15,15,0,,0,healthy,docker-init
2026-09-28T18:32:30Z,nexa_rem_env01_before,163,14,149,ssl_client:149,0,healthy,caddy
2026-09-28T18:32:30Z,nexa_rem_env01_after,15,15,0,,0,healthy,docker-init
2026-09-28T18:33:30Z,nexa_rem_env01_before,175,14,161,ssl_client:161,0,healthy,caddy
2026-09-28T18:33:30Z,nexa_rem_env01_after,15,15,0,,0,healthy,docker-init
2026-09-28T18:34:30Z,nexa_rem_env01_before,187,14,173,ssl_client:173,0,healthy,caddy
2026-09-28T18:34:30Z,nexa_rem_env01_after,15,15,0,,0,healthy,docker-init
2026-09-28T18:35:30Z,nexa_rem_env01_before,199,14,185,ssl_client:185,0,healthy,caddy
2026-09-28T18:35:30Z,nexa_rem_env01_after,15,15,0,,0,healthy,docker-init
2026-09-28T18:36:31Z,nexa_rem_env01_before,211,14,197,ssl_client:197,0,healthy,caddy
2026-09-28T18:36:31Z,nexa_rem_env01_after,15,15,0,,0,healthy,docker-init
2026-09-28T18:37:31Z,nexa_rem_env01_before,223,14,209,ssl_client:209,0,healthy,caddy
2026-09-28T18:37:31Z,nexa_rem_env01_after,15,15,0,,0,healthy,docker-init
2026-09-28T18:38:31Z,nexa_rem_env01_before,234,14,220,ssl_client:220,0,healthy,caddy
2026-09-28T18:38:31Z,nexa_rem_env01_after,15,15,0,,0,healthy,docker-init
2026-09-28T18:39:31Z,nexa_rem_env01_before,246,14,232,ssl_client:232,0,healthy,caddy
2026-09-28T18:39:31Z,nexa_rem_env01_after,15,15,0,,0,healthy,docker-init
2026-09-28T18:40:31Z,nexa_rem_env01_before,258,14,244,ssl_client:244,0,healthy,caddy
2026-09-28T18:40:31Z,nexa_rem_env01_after,15,15,0,,0,healthy,docker-init
2026-09-28T18:41:31Z,nexa_rem_env01_before,270,14,256,ssl_client:256,0,healthy,caddy
2026-09-28T18:41:31Z,nexa_rem_env01_after,15,15,0,,0,healthy,docker-init
2026-09-28T18:42:31Z,nexa_rem_env01_before,282,14,268,ssl_client:268,0,healthy,caddy
2026-09-28T18:42:31Z,nexa_rem_env01_after,15,15,0,,0,healthy,docker-init
2026-09-28T18:43:32Z,nexa_rem_env01_before,294,14,280,ssl_client:280,0,healthy,caddy
2026-09-28T18:43:32Z,nexa_rem_env01_after,15,15,0,,0,healthy,docker-init
2026-09-28T18:44:32Z,nexa_rem_env01_before,305,14,291,ssl_client:291,0,healthy,caddy
2026-09-28T18:44:32Z,nexa_rem_env01_after,15,15,0,,0,healthy,docker-init
2026-09-28T18:45:32Z,nexa_rem_env01_before,317,14,303,ssl_client:303,0,healthy,caddy
2026-09-28T18:45:32Z,nexa_rem_env01_after,15,15,0,,0,healthy,docker-init
2026-09-28T18:46:32Z,nexa_rem_env01_before,329,14,315,ssl_client:315,0,healthy,caddy
2026-09-28T18:46:32Z,nexa_rem_env01_after,15,15,0,,0,healthy,docker-init
2026-09-28T18:47:32Z,nexa_rem_env01_before,341,14,327,ssl_client:327,0,healthy,caddy
2026-09-28T18:47:32Z,nexa_rem_env01_after,15,15,0,,0,healthy,docker-init
2026-09-28T18:48:32Z,nexa_rem_env01_before,353,14,339,ssl_client:339,0,healthy,caddy
2026-09-28T18:48:32Z,nexa_rem_env01_after,15,15,0,,0,healthy,docker-init
2026-09-28T18:49:32Z,nexa_rem_env01_before,366,16,350,ssl_client:350,0,healthy,caddy
2026-09-28T18:49:33Z,nexa_rem_env01_after,15,15,0,,0,healthy,docker-init
2026-09-28T18:50:33Z,nexa_rem_env01_before,376,14,362,ssl_client:362,0,healthy,caddy
2026-09-28T18:50:33Z,nexa_rem_env01_after,15,15,0,,0,healthy,docker-init
2026-09-28T18:51:33Z,nexa_rem_env01_before,388,14,374,ssl_client:374,0,healthy,caddy
2026-09-28T18:51:33Z,nexa_rem_env01_after,15,15,0,,0,healthy,docker-init
2026-09-28T18:52:33Z,nexa_rem_env01_before,400,14,386,ssl_client:386,0,healthy,caddy
2026-09-28T18:52:33Z,nexa_rem_env01_after,15,15,0,,0,healthy,docker-init
2026-09-28T18:53:33Z,nexa_rem_env01_before,412,14,398,ssl_client:398,0,healthy,caddy
2026-09-28T18:53:33Z,nexa_rem_env01_after,15,15,0,,0,healthy,docker-init
2026-09-28T18:54:33Z,nexa_rem_env01_before,424,14,410,ssl_client:410,0,healthy,caddy
2026-09-28T18:54:33Z,nexa_rem_env01_after,15,15,0,,0,healthy,docker-init
2026-09-28T18:55:33Z,nexa_rem_env01_before,435,14,421,ssl_client:421,0,healthy,caddy
2026-09-28T18:55:34Z,nexa_rem_env01_after,15,15,0,,0,healthy,docker-init
2026-09-28T18:56:34Z,nexa_rem_env01_before,447,14,433,ssl_client:433,0,healthy,caddy
2026-09-28T18:56:34Z,nexa_rem_env01_after,15,15,0,,0,healthy,docker-init
2026-09-28T18:57:34Z,nexa_rem_env01_before,459,14,445,ssl_client:445,0,healthy,caddy
2026-09-28T18:57:34Z,nexa_rem_env01_after,15,15,0,,0,healthy,docker-init
2026-09-28T18:58:34Z,nexa_rem_env01_before,471,14,457,ssl_client:457,0,healthy,caddy
2026-09-28T18:58:34Z,nexa_rem_env01_after,15,15,0,,0,healthy,docker-init
2026-09-28T18:59:54Z,nexa_rem_env01_before,487,14,473,ssl_client:473,2,healthy,caddy
2026-09-28T18:59:54Z,nexa_rem_env01_after,15,15,0,,0,healthy,docker-init
2026-09-28T19:00:55Z,nexa_rem_env01_before,499,14,485,ssl_client:485,14,unhealthy,caddy
2026-09-28T19:00:55Z,nexa_rem_env01_after,15,15,0,,12,unhealthy,docker-init
2026-09-28T19:01:55Z,nexa_rem_env01_before,510,14,496,ssl_client:496,25,unhealthy,caddy
2026-09-28T19:01:55Z,nexa_rem_env01_after,15,15,0,,24,unhealthy,docker-init
2026-09-28T19:02:55Z,nexa_rem_env01_before,522,14,508,ssl_client:508,37,unhealthy,caddy
2026-09-28T19:02:55Z,nexa_rem_env01_after,15,15,0,,36,unhealthy,docker-init
2026-09-28T19:03:55Z,nexa_rem_env01_before,534,14,520,ssl_client:520,49,unhealthy,caddy
2026-09-28T19:03:55Z,nexa_rem_env01_after,15,15,0,,47,unhealthy,docker-init
2026-09-28T19:04:55Z,nexa_rem_env01_before,546,14,532,ssl_client:532,61,unhealthy,caddy
2026-09-28T19:04:55Z,nexa_rem_env01_after,15,15,0,,59,unhealthy,docker-init
2026-09-28T19:05:55Z,nexa_rem_env01_before,558,14,544,ssl_client:544,73,unhealthy,caddy
2026-09-28T19:05:55Z,nexa_rem_env01_after,15,15,0,,71,unhealthy,docker-init
2026-09-28T19:06:55Z,nexa_rem_env01_before,570,14,556,ssl_client:556,85,unhealthy,caddy
2026-09-28T19:06:56Z,nexa_rem_env01_after,15,15,0,,83,unhealthy,docker-init
2026-09-28T19:07:56Z,nexa_rem_env01_before,581,14,567,ssl_client:567,96,unhealthy,caddy
2026-09-28T19:07:56Z,nexa_rem_env01_after,15,15,0,,95,unhealthy,docker-init
2026-09-28T19:08:56Z,nexa_rem_env01_before,593,14,579,ssl_client:579,108,unhealthy,caddy
2026-09-28T19:08:56Z,nexa_rem_env01_after,15,15,0,,107,unhealthy,docker-init
2026-09-28T19:09:56Z,nexa_rem_env01_before,605,14,591,ssl_client:591,120,unhealthy,caddy
2026-09-28T19:09:56Z,nexa_rem_env01_after,15,15,0,,118,unhealthy,docker-init
2026-09-28T19:10:56Z,nexa_rem_env01_before,617,14,603,ssl_client:603,132,unhealthy,caddy
2026-09-28T19:10:56Z,nexa_rem_env01_after,15,15,0,,130,unhealthy,docker-init
2026-09-28T19:11:56Z,nexa_rem_env01_before,629,14,615,ssl_client:615,144,unhealthy,caddy
2026-09-28T19:11:56Z,nexa_rem_env01_after,15,15,0,,142,unhealthy,docker-init
2026-09-28T19:12:56Z,nexa_rem_env01_before,641,14,627,ssl_client:627,156,unhealthy,caddy
2026-09-28T19:12:57Z,nexa_rem_env01_after,15,15,0,,154,unhealthy,docker-init
2026-09-28T19:13:57Z,nexa_rem_env01_before,652,14,638,ssl_client:638,167,unhealthy,caddy
2026-09-28T19:13:57Z,nexa_rem_env01_after,15,15,0,,166,unhealthy,docker-init
2026-09-28T19:14:57Z,nexa_rem_env01_before,664,14,650,ssl_client:650,179,unhealthy,caddy
2026-09-28T19:14:57Z,nexa_rem_env01_after,17,17,0,,177,unhealthy,docker-init
2026-09-28T19:15:57Z,nexa_rem_env01_before,676,14,662,ssl_client:662,191,unhealthy,caddy
2026-09-28T19:15:57Z,nexa_rem_env01_after,15,15,0,,189,unhealthy,docker-init
2026-09-28T19:16:57Z,nexa_rem_env01_before,688,14,674,ssl_client:674,203,unhealthy,caddy
2026-09-28T19:16:57Z,nexa_rem_env01_after,15,15,0,,201,unhealthy,docker-init
2026-09-28T19:17:57Z,nexa_rem_env01_before,700,14,686,ssl_client:686,215,unhealthy,caddy
2026-09-28T19:17:57Z,nexa_rem_env01_after,15,15,0,,213,unhealthy,docker-init
2026-09-28T19:18:57Z,nexa_rem_env01_before,712,14,698,ssl_client:698,227,unhealthy,caddy
2026-09-28T19:18:57Z,nexa_rem_env01_after,15,15,0,,225,unhealthy,docker-init
2026-09-28T19:19:58Z,nexa_rem_env01_before,723,14,709,ssl_client:709,238,unhealthy,caddy
2026-09-28T19:19:58Z,nexa_rem_env01_after,15,15,0,,237,unhealthy,docker-init
2026-09-28T19:20:58Z,nexa_rem_env01_before,735,14,721,ssl_client:721,250,unhealthy,caddy
2026-09-28T19:20:58Z,nexa_rem_env01_after,15,15,0,,248,unhealthy,docker-init
2026-09-28T19:21:58Z,nexa_rem_env01_before,747,14,733,ssl_client:733,262,unhealthy,caddy
2026-09-28T19:21:58Z,nexa_rem_env01_after,15,15,0,,260,unhealthy,docker-init
2026-09-28T19:22:58Z,nexa_rem_env01_before,759,14,745,ssl_client:745,274,unhealthy,caddy
2026-09-28T19:22:58Z,nexa_rem_env01_after,15,15,0,,272,unhealthy,docker-init
2026-09-28T19:23:58Z,nexa_rem_env01_before,771,14,757,ssl_client:757,286,unhealthy,caddy
2026-09-28T19:23:58Z,nexa_rem_env01_after,15,15,0,,284,unhealthy,docker-init
2026-09-28T19:24:58Z,nexa_rem_env01_before,783,14,769,ssl_client:769,298,unhealthy,caddy
2026-09-28T19:24:58Z,nexa_rem_env01_after,15,15,0,,296,unhealthy,docker-init
2026-09-28T19:25:59Z,nexa_rem_env01_before,794,14,780,ssl_client:780,309,unhealthy,caddy
2026-09-28T19:25:59Z,nexa_rem_env01_after,15,15,0,,308,unhealthy,docker-init
2026-09-28T19:26:59Z,nexa_rem_env01_before,806,14,792,ssl_client:792,321,unhealthy,caddy
2026-09-28T19:26:59Z,nexa_rem_env01_after,15,15,0,,319,unhealthy,docker-init
2026-09-28T19:27:59Z,nexa_rem_env01_before,818,14,804,ssl_client:804,333,unhealthy,caddy
2026-09-28T19:27:59Z,nexa_rem_env01_after,15,15,0,,331,unhealthy,docker-init
2026-09-28T19:28:59Z,nexa_rem_env01_before,830,14,816,ssl_client:816,345,unhealthy,caddy
2026-09-28T19:28:59Z,nexa_rem_env01_after,15,15,0,,343,unhealthy,docker-init
2026-09-28T19:30:00Z,nexa_rem_env01_after,15,15,0,,355,unhealthy,docker-init
2026-09-28T19:31:00Z,nexa_rem_env01_after,15,15,0,,0,healthy,docker-init
2026-09-28T19:32:00Z,nexa_rem_env01_after,15,15,0,,0,healthy,docker-init
2026-09-28T19:33:00Z,nexa_rem_env01_after,15,15,0,,0,healthy,docker-init
2026-09-28T19:34:00Z,nexa_rem_env01_after,15,15,0,,0,healthy,docker-init
2026-09-28T19:35:00Z,nexa_rem_env01_after,15,15,0,,0,healthy,docker-init
2026-09-28T19:36:00Z,nexa_rem_env01_after,15,15,0,,0,healthy,docker-init
2026-09-28T19:37:00Z,nexa_rem_env01_after,15,15,0,,0,healthy,docker-init
2026-09-28T19:38:00Z,nexa_rem_env01_after,15,15,0,,0,healthy,docker-init
2026-09-28T19:39:00Z,nexa_rem_env01_after,15,15,0,,0,healthy,docker-init
2026-09-28T19:40:00Z,nexa_rem_env01_after,15,15,0,,0,healthy,docker-init
2026-09-28T19:41:00Z,nexa_rem_env01_after,15,15,0,,0,healthy,docker-init
2026-09-28T19:42:00Z,nexa_rem_env01_after,15,15,0,,0,healthy,docker-init
2026-09-28T19:43:01Z,nexa_rem_env01_after,15,15,0,,0,healthy,docker-init
2026-09-28T19:44:01Z,nexa_rem_env01_after,15,15,0,,0,healthy,docker-init
2026-09-28T19:45:01Z,nexa_rem_env01_after,15,15,0,,0,healthy,docker-init
2026-09-28T19:46:01Z,nexa_rem_env01_after,15,15,0,,0,healthy,docker-init
2026-09-28T19:47:01Z,nexa_rem_env01_after,15,15,0,,0,healthy,docker-init
2026-09-28T19:48:01Z,nexa_rem_env01_after,15,15,0,,0,healthy,docker-init
2026-09-28T19:49:01Z,nexa_rem_env01_after,15,15,0,,0,healthy,docker-init
2026-09-28T19:50:01Z,nexa_rem_env01_after,15,15,0,,0,healthy,docker-init
2026-09-28T19:51:01Z,nexa_rem_env01_after,15,15,0,,0,healthy,docker-init
2026-09-28T19:52:01Z,nexa_rem_env01_after,15,15,0,,0,healthy,docker-init
2026-09-28T19:53:01Z,nexa_rem_env01_after,15,15,0,,0,healthy,docker-init
2026-09-28T19:54:01Z,nexa_rem_env01_after,15,15,0,,0,healthy,docker-init
2026-09-28T19:55:01Z,nexa_rem_env01_after,15,15,0,,0,healthy,docker-init
2026-09-28T19:56:01Z,nexa_rem_env01_after,15,15,0,,0,healthy,docker-init
2026-09-28T19:57:01Z,nexa_rem_env01_after,15,15,0,,0,healthy,docker-init
2026-09-28T19:58:02Z,nexa_rem_env01_after,15,15,0,,0,healthy,docker-init
2026-09-28T19:59:02Z,nexa_rem_env01_after,15,15,0,,0,healthy,docker-init
2026-09-28T20:00:02Z,nexa_rem_env01_after,15,15,0,,0,healthy,docker-init
2026-09-28T20:01:02Z,nexa_rem_env01_after,15,15,0,,0,healthy,docker-init
2026-09-28T20:02:02Z,nexa_rem_env01_after,15,15,0,,0,healthy,docker-init
2026-09-28T20:03:02Z,nexa_rem_env01_after,15,15,0,,0,healthy,docker-init
2026-09-28T20:04:02Z,nexa_rem_env01_after,15,15,0,,0,healthy,docker-init
2026-09-28T20:05:02Z,nexa_rem_env01_after,15,15,0,,0,healthy,docker-init
2026-09-28T20:06:02Z,nexa_rem_env01_after,15,15,0,,0,healthy,docker-init
2026-09-28T20:07:02Z,nexa_rem_env01_after,15,15,0,,0,healthy,docker-init
2026-09-28T20:08:02Z,nexa_rem_env01_after,15,15,0,,0,healthy,docker-init
2026-09-28T20:09:02Z,nexa_rem_env01_after,15,15,0,,0,healthy,docker-init
2026-09-28T20:10:02Z,nexa_rem_env01_after,15,15,0,,0,healthy,docker-init
2026-09-28T20:11:02Z,nexa_rem_env01_after,15,15,0,,0,healthy,docker-init
2026-09-28T20:12:02Z,nexa_rem_env01_after,17,17,0,,0,healthy,docker-init
2026-09-28T20:13:03Z,nexa_rem_env01_after,15,15,0,,0,healthy,docker-init
2026-09-28T20:14:03Z,nexa_rem_env01_after,15,15,0,,0,healthy,docker-init
2026-09-28T20:15:03Z,nexa_rem_env01_after,15,15,0,,0,healthy,docker-init
2026-09-28T20:16:03Z,nexa_rem_env01_after,15,15,0,,0,healthy,docker-init
2026-09-28T20:17:03Z,nexa_rem_env01_after,15,15,0,,0,healthy,docker-init
2026-09-28T20:18:03Z,nexa_rem_env01_after,15,15,0,,0,healthy,docker-init
2026-09-28T20:19:03Z,nexa_rem_env01_after,15,15,0,,0,healthy,docker-init
2026-09-28T20:20:03Z,nexa_rem_env01_after,15,15,0,,0,healthy,docker-init
2026-09-28T20:21:03Z,nexa_rem_env01_after,15,15,0,,0,healthy,docker-init
2026-09-28T20:22:03Z,nexa_rem_env01_after,15,15,0,,0,healthy,docker-init
2026-09-28T20:23:03Z,nexa_rem_env01_after,15,15,0,,0,healthy,docker-init
2026-09-28T20:24:03Z,nexa_rem_env01_after,15,15,0,,0,healthy,docker-init
2026-09-28T20:25:03Z,nexa_rem_env01_after,15,15,0,,0,healthy,docker-init
2026-09-28T20:26:03Z,nexa_rem_env01_after,15,15,0,,0,healthy,docker-init
2026-09-28T20:27:03Z,nexa_rem_env01_after,15,15,0,,0,healthy,docker-init
2026-09-28T20:28:04Z,nexa_rem_env01_after,15,15,0,,0,healthy,docker-init
2026-09-28T20:29:04Z,nexa_rem_env01_after,15,15,0,,0,healthy,docker-init
2026-09-28T20:30:04Z,nexa_rem_env01_after,15,15,0,,0,healthy,docker-init
2026-09-28T20:31:04Z,nexa_rem_env01_after,15,15,0,,0,healthy,docker-init
2026-09-28T20:32:04Z,nexa_rem_env01_after,15,15,0,,0,healthy,docker-init
2026-09-28T20:33:04Z,nexa_rem_env01_after,15,15,0,,0,healthy,docker-init
2026-09-28T20:34:04Z,nexa_rem_env01_after,15,15,0,,0,healthy,docker-init
2026-09-28T20:35:04Z,nexa_rem_env01_after,15,15,0,,0,healthy,docker-init
2026-09-28T20:36:04Z,nexa_rem_env01_after,15,15,0,,0,healthy,docker-init
2026-09-28T20:37:04Z,nexa_rem_env01_after,15,15,0,,0,healthy,docker-init
2026-09-28T20:38:04Z,nexa_rem_env01_after,15,15,0,,0,healthy,docker-init
2026-09-28T20:39:04Z,nexa_rem_env01_after,15,15,0,,0,healthy,docker-init
2026-09-28T20:40:04Z,nexa_rem_env01_after,15,15,0,,0,healthy,docker-init
2026-09-28T20:41:04Z,nexa_rem_env01_after,15,15,0,,0,healthy,docker-init
2026-09-28T20:42:04Z,nexa_rem_env01_after,15,15,0,,0,healthy,docker-init
2026-09-28T20:43:04Z,nexa_rem_env01_after,15,15,0,,0,healthy,docker-init
2026-09-28T20:44:05Z,nexa_rem_env01_after,15,15,0,,0,healthy,docker-init
2026-09-28T20:45:05Z,nexa_rem_env01_after,15,15,0,,0,healthy,docker-init
2026-09-28T20:46:05Z,nexa_rem_env01_after,15,15,0,,0,healthy,docker-init
2026-09-28T20:47:05Z,nexa_rem_env01_after,15,15,0,,0,healthy,docker-init
2026-09-28T20:48:05Z,nexa_rem_env01_after,15,15,0,,0,healthy,docker-init
2026-09-28T20:49:05Z,nexa_rem_env01_after,15,15,0,,0,healthy,docker-init
2026-09-28T20:50:05Z,nexa_rem_env01_after,15,15,0,,0,healthy,docker-init
2026-09-28T20:51:05Z,nexa_rem_env01_after,15,15,0,,0,healthy,docker-init
2026-09-28T20:52:05Z,nexa_rem_env01_after,15,15,0,,0,healthy,docker-init
2026-09-28T20:53:05Z,nexa_rem_env01_after,15,15,0,,0,healthy,docker-init
2026-09-28T20:54:05Z,nexa_rem_env01_after,15,15,0,,0,healthy,docker-init
2026-09-28T20:55:05Z,nexa_rem_env01_after,15,15,0,,0,healthy,docker-init
2026-09-28T20:56:05Z,nexa_rem_env01_after,15,15,0,,0,healthy,docker-init
2026-09-28T20:57:05Z,nexa_rem_env01_after,15,15,0,,0,healthy,docker-init
2026-09-28T20:58:05Z,nexa_rem_env01_after,15,15,0,,0,healthy,docker-init
2026-09-28T20:59:06Z,nexa_rem_env01_after,15,15,0,,0,healthy,docker-init
2026-09-28T21:00:06Z,nexa_rem_env01_after,15,15,0,,0,healthy,docker-init
2026-09-28T21:01:06Z,nexa_rem_env01_after,15,15,0,,0,healthy,docker-init
2026-09-28T21:02:06Z,nexa_rem_env01_after,15,15,0,,0,healthy,docker-init
2026-09-28T21:03:06Z,nexa_rem_env01_after,15,15,0,,0,healthy,docker-init
2026-09-28T21:04:06Z,nexa_rem_env01_after,15,15,0,,0,healthy,docker-init
2026-09-28T21:05:06Z,nexa_rem_env01_after,15,15,0,,0,healthy,docker-init
2026-09-28T21:06:06Z,nexa_rem_env01_after,15,15,0,,0,healthy,docker-init
2026-09-28T21:07:06Z,nexa_rem_env01_after,15,15,0,,0,healthy,docker-init
2026-09-28T21:08:06Z,nexa_rem_env01_after,15,15,0,,0,healthy,docker-init
2026-09-28T21:09:06Z,nexa_rem_env01_after,15,15,0,,0,healthy,docker-init
2026-09-28T21:10:06Z,nexa_rem_env01_after,15,15,0,,0,healthy,docker-init
2026-09-28T21:11:06Z,nexa_rem_env01_after,15,15,0,,0,healthy,docker-init
2026-09-28T21:12:06Z,nexa_rem_env01_after,15,15,0,,0,healthy,docker-init
2026-09-28T21:13:06Z,nexa_rem_env01_after,15,15,0,,0,healthy,docker-init
2026-09-28T21:14:07Z,nexa_rem_env01_after,15,15,0,,0,healthy,docker-init
2026-09-28T21:15:07Z,nexa_rem_env01_after,15,15,0,,0,healthy,docker-init
2026-09-28T21:16:07Z,nexa_rem_env01_after,15,15,0,,0,healthy,docker-init
2026-09-28T21:17:07Z,nexa_rem_env01_after,15,15,0,,0,healthy,docker-init
2026-09-28T21:18:07Z,nexa_rem_env01_after,15,15,0,,0,healthy,docker-init
2026-09-28T21:19:07Z,nexa_rem_env01_after,15,15,0,,0,healthy,docker-init
2026-09-28T21:20:07Z,nexa_rem_env01_after,15,15,0,,0,healthy,docker-init
2026-09-28T21:21:07Z,nexa_rem_env01_after,15,15,0,,0,healthy,docker-init
2026-09-28T21:22:07Z,nexa_rem_env01_after,15,15,0,,0,healthy,docker-init
2026-09-28T21:23:07Z,nexa_rem_env01_after,15,15,0,,0,healthy,docker-init
2026-09-28T21:24:07Z,nexa_rem_env01_after,15,15,0,,0,healthy,docker-init
2026-09-28T21:25:07Z,nexa_rem_env01_after,15,15,0,,0,healthy,docker-init
2026-09-28T21:26:07Z,nexa_rem_env01_after,15,15,0,,0,healthy,docker-init
2026-09-28T21:27:07Z,nexa_rem_env01_after,15,15,0,,0,healthy,docker-init
2026-09-28T21:28:08Z,nexa_rem_env01_after,15,15,0,,0,healthy,docker-init
2026-09-28T21:29:08Z,nexa_rem_env01_after,15,15,0,,0,healthy,docker-init
2026-09-28T21:30:08Z,nexa_rem_env01_after,15,15,0,,0,healthy,docker-init
2026-09-28T21:31:08Z,nexa_rem_env01_after,15,15,0,,0,healthy,docker-init
2026-09-28T21:32:08Z,nexa_rem_env01_after,15,15,0,,0,healthy,docker-init
2026-09-28T21:33:08Z,nexa_rem_env01_after,15,15,0,,0,healthy,docker-init
2026-09-28T21:34:08Z,nexa_rem_env01_after,15,15,0,,0,healthy,docker-init
2026-09-28T21:35:08Z,nexa_rem_env01_after,15,15,0,,0,healthy,docker-init
2026-09-28T21:36:08Z,nexa_rem_env01_after,15,15,0,,0,healthy,docker-init
2026-09-28T21:37:08Z,nexa_rem_env01_after,15,15,0,,0,healthy,docker-init
2026-09-28T21:38:08Z,nexa_rem_env01_after,15,15,0,,0,healthy,docker-init
2026-09-28T21:39:08Z,nexa_rem_env01_after,15,15,0,,0,healthy,docker-init
2026-09-28T21:40:08Z,nexa_rem_env01_after,15,15,0,,0,healthy,docker-init
2026-09-28T21:41:08Z,nexa_rem_env01_after,15,15,0,,0,healthy,docker-init
2026-09-28T21:42:08Z,nexa_rem_env01_after,15,15,0,,0,healthy,docker-init
2026-09-28T21:43:09Z,nexa_rem_env01_after,15,15,0,,0,healthy,docker-init
2026-09-28T21:44:09Z,nexa_rem_env01_after,15,15,0,,0,healthy,docker-init
2026-09-28T21:45:09Z,nexa_rem_env01_after,15,15,0,,0,healthy,docker-init
2026-09-28T21:46:09Z,nexa_rem_env01_after,15,15,0,,0,healthy,docker-init
2026-09-28T21:47:09Z,nexa_rem_env01_after,15,15,0,,0,healthy,docker-init
2026-09-28T21:48:09Z,nexa_rem_env01_after,15,15,0,,0,healthy,docker-init
2026-09-28T21:49:09Z,nexa_rem_env01_after,15,15,0,,0,healthy,docker-init
2026-09-28T21:50:09Z,nexa_rem_env01_after,15,15,0,,0,healthy,docker-init
2026-09-28T21:51:09Z,nexa_rem_env01_after,15,15,0,,0,healthy,docker-init
2026-09-28T21:52:09Z,nexa_rem_env01_after,15,15,0,,0,healthy,docker-init
2026-09-28T21:53:09Z,nexa_rem_env01_after,15,15,0,,0,healthy,docker-init
2026-09-28T21:54:09Z,nexa_rem_env01_after,15,15,0,,0,healthy,docker-init
2026-09-28T21:55:09Z,nexa_rem_env01_after,15,15,0,,0,healthy,docker-init
2026-09-28T21:56:09Z,nexa_rem_env01_after,15,15,0,,0,healthy,docker-init
2026-09-28T21:57:09Z,nexa_rem_env01_after,15,15,0,,0,healthy,docker-init
2026-09-28T21:58:10Z,nexa_rem_env01_after,15,15,0,,0,healthy,docker-init
2026-09-28T21:59:10Z,nexa_rem_env01_after,15,15,0,,0,healthy,docker-init
2026-09-28T22:00:10Z,nexa_rem_env01_after,15,15,0,,0,healthy,docker-init
2026-09-28T22:01:10Z,nexa_rem_env01_after,15,15,0,,0,healthy,docker-init
2026-09-28T22:02:10Z,nexa_rem_env01_after,15,15,0,,0,healthy,docker-init
2026-09-28T22:03:10Z,nexa_rem_env01_after,15,15,0,,0,healthy,docker-init
2026-09-28T22:04:10Z,nexa_rem_env01_after,15,15,0,,0,healthy,docker-init
2026-09-28T22:05:10Z,nexa_rem_env01_after,15,15,0,,0,healthy,docker-init
2026-09-28T22:06:10Z,nexa_rem_env01_after,15,15,0,,0,healthy,docker-init
2026-09-28T22:07:10Z,nexa_rem_env01_after,15,15,0,,0,healthy,docker-init
2026-09-28T22:08:10Z,nexa_rem_env01_after,15,15,0,,0,healthy,docker-init
2026-09-28T22:09:10Z,nexa_rem_env01_after,15,15,0,,0,healthy,docker-init
2026-09-28T22:10:10Z,nexa_rem_env01_after,15,15,0,,0,healthy,docker-init
2026-09-28T22:11:10Z,nexa_rem_env01_after,15,15,0,,0,healthy,docker-init
2026-09-28T22:12:10Z,nexa_rem_env01_after,15,15,0,,0,healthy,docker-init
2026-09-28T22:13:11Z,nexa_rem_env01_after,15,15,0,,0,healthy,docker-init
2026-09-28T22:14:11Z,nexa_rem_env01_after,15,15,0,,0,healthy,docker-init
2026-09-28T22:15:11Z,nexa_rem_env01_after,15,15,0,,0,healthy,docker-init
2026-09-28T22:16:11Z,nexa_rem_env01_after,15,15,0,,0,healthy,docker-init
2026-09-28T22:17:11Z,nexa_rem_env01_after,15,15,0,,0,healthy,docker-init
2026-09-28T22:18:11Z,nexa_rem_env01_after,15,15,0,,0,healthy,docker-init
2026-09-28T22:19:11Z,nexa_rem_env01_after,15,15,0,,0,healthy,docker-init
2026-09-28T22:20:11Z,nexa_rem_env01_after,15,15,0,,0,healthy,docker-init
2026-09-28T22:21:11Z,nexa_rem_env01_after,15,15,0,,0,healthy,docker-init
2026-09-28T22:22:11Z,nexa_rem_env01_after,15,15,0,,0,healthy,docker-init
2026-09-28T22:23:11Z,nexa_rem_env01_after,15,15,0,,0,healthy,docker-init
2026-09-28T22:24:11Z,nexa_rem_env01_after,15,15,0,,0,healthy,docker-init
2026-09-28T22:25:11Z,nexa_rem_env01_after,15,15,0,,0,healthy,docker-init
2026-09-28T22:26:11Z,nexa_rem_env01_after,15,15,0,,0,healthy,docker-init
2026-09-28T22:27:12Z,nexa_rem_env01_after,15,15,0,,0,healthy,docker-init
2026-09-28T22:28:12Z,nexa_rem_env01_after,15,15,0,,0,healthy,docker-init
2026-09-28T22:29:12Z,nexa_rem_env01_after,15,15,0,,0,healthy,docker-init
2026-09-28T22:30:12Z,nexa_rem_env01_after,15,15,0,,0,healthy,docker-init
2026-09-28T22:31:12Z,nexa_rem_env01_after,15,15,0,,0,healthy,docker-init
2026-09-28T22:32:12Z,nexa_rem_env01_after,15,15,0,,0,healthy,docker-init
2026-09-28T22:33:12Z,nexa_rem_env01_after,15,15,0,,0,healthy,docker-init
2026-09-28T22:34:12Z,nexa_rem_env01_after,15,15,0,,0,healthy,docker-init
2026-09-28T22:35:12Z,nexa_rem_env01_after,15,15,0,,0,healthy,docker-init
2026-09-28T22:36:12Z,nexa_rem_env01_after,15,15,0,,0,healthy,docker-init
2026-09-28T22:37:12Z,nexa_rem_env01_after,15,15,0,,0,healthy,docker-init
2026-09-28T22:38:12Z,nexa_rem_env01_after,15,15,0,,0,healthy,docker-init
2026-09-28T22:39:12Z,nexa_rem_env01_after,15,15,0,,0,healthy,docker-init
2026-09-28T22:40:12Z,nexa_rem_env01_after,15,15,0,,0,healthy,docker-init
2026-09-28T22:41:13Z,nexa_rem_env01_after,17,17,0,,0,healthy,docker-init
2026-09-28T22:42:13Z,nexa_rem_env01_after,15,15,0,,0,healthy,docker-init
2026-09-28T22:43:13Z,nexa_rem_env01_after,15,15,0,,0,healthy,docker-init
2026-09-28T22:44:13Z,nexa_rem_env01_after,15,15,0,,0,healthy,docker-init
2026-09-28T22:45:13Z,nexa_rem_env01_after,15,15,0,,0,healthy,docker-init
2026-09-28T22:46:13Z,nexa_rem_env01_after,15,15,0,,0,healthy,docker-init
2026-09-28T22:47:13Z,nexa_rem_env01_after,15,15,0,,0,healthy,docker-init
2026-09-28T22:48:13Z,nexa_rem_env01_after,15,15,0,,0,healthy,docker-init
2026-09-28T22:49:13Z,nexa_rem_env01_after,15,15,0,,0,healthy,docker-init
2026-09-28T22:50:13Z,nexa_rem_env01_after,15,15,0,,0,healthy,docker-init
2026-09-28T22:51:13Z,nexa_rem_env01_after,15,15,0,,0,healthy,docker-init
2026-09-28T22:52:13Z,nexa_rem_env01_after,15,15,0,,0,healthy,docker-init
2026-09-28T22:53:13Z,nexa_rem_env01_after,15,15,0,,0,healthy,docker-init
2026-09-28T22:54:13Z,nexa_rem_env01_after,15,15,0,,0,healthy,docker-init
2026-09-28T22:55:14Z,nexa_rem_env01_after,15,15,0,,0,healthy,docker-init
2026-09-28T22:56:14Z,nexa_rem_env01_after,15,15,0,,0,healthy,docker-init
2026-09-28T22:57:14Z,nexa_rem_env01_after,15,15,0,,0,healthy,docker-init
2026-09-28T22:58:14Z,nexa_rem_env01_after,15,15,0,,0,healthy,docker-init
2026-09-28T22:59:14Z,nexa_rem_env01_after,15,15,0,,0,healthy,docker-init
2026-09-28T23:00:24Z,nexa_rem_env01_after,15,15,0,,0,healthy,docker-init
2026-09-28T23:01:24Z,nexa_rem_env01_after,15,15,0,,12,unhealthy,docker-init
2026-09-28T23:02:24Z,nexa_rem_env01_after,15,15,0,,24,unhealthy,docker-init
2026-09-28T23:03:24Z,nexa_rem_env01_after,15,15,0,,35,unhealthy,docker-init
2026-09-28T23:04:24Z,nexa_rem_env01_after,15,15,0,,47,unhealthy,docker-init
2026-09-28T23:05:24Z,nexa_rem_env01_after,15,15,0,,59,unhealthy,docker-init
2026-09-28T23:06:24Z,nexa_rem_env01_after,15,15,0,,71,unhealthy,docker-init
2026-09-28T23:07:25Z,nexa_rem_env01_after,15,15,0,,83,unhealthy,docker-init
2026-09-28T23:08:25Z,nexa_rem_env01_after,15,15,0,,95,unhealthy,docker-init
2026-09-28T23:09:25Z,nexa_rem_env01_after,15,15,0,,106,unhealthy,docker-init
2026-09-28T23:10:25Z,nexa_rem_env01_after,15,15,0,,118,unhealthy,docker-init
2026-09-28T23:11:25Z,nexa_rem_env01_after,15,15,0,,130,unhealthy,docker-init
2026-09-28T23:12:25Z,nexa_rem_env01_after,15,15,0,,142,unhealthy,docker-init
2026-09-28T23:13:25Z,nexa_rem_env01_after,15,15,0,,154,unhealthy,docker-init
2026-09-28T23:14:25Z,nexa_rem_env01_after,15,15,0,,165,unhealthy,docker-init
2026-09-28T23:15:25Z,nexa_rem_env01_after,15,15,0,,177,unhealthy,docker-init
2026-09-28T23:16:25Z,nexa_rem_env01_after,15,15,0,,189,unhealthy,docker-init
2026-09-28T23:17:25Z,nexa_rem_env01_after,15,15,0,,201,unhealthy,docker-init
2026-09-28T23:18:25Z,nexa_rem_env01_after,15,15,0,,213,unhealthy,docker-init
2026-09-28T23:19:25Z,nexa_rem_env01_after,15,15,0,,224,unhealthy,docker-init
2026-09-28T23:20:25Z,nexa_rem_env01_after,15,15,0,,236,unhealthy,docker-init
2026-09-28T23:21:26Z,nexa_rem_env01_after,15,15,0,,248,unhealthy,docker-init
2026-09-28T23:22:26Z,nexa_rem_env01_after,15,15,0,,260,unhealthy,docker-init
2026-09-28T23:23:26Z,nexa_rem_env01_after,15,15,0,,272,unhealthy,docker-init
2026-09-28T23:24:26Z,nexa_rem_env01_after,15,15,0,,284,unhealthy,docker-init
2026-09-28T23:25:26Z,nexa_rem_env01_after,15,15,0,,295,unhealthy,docker-init
2026-09-28T23:26:26Z,nexa_rem_env01_after,15,15,0,,307,unhealthy,docker-init
2026-09-28T23:27:26Z,nexa_rem_env01_after,15,15,0,,319,unhealthy,docker-init
2026-09-28T23:28:26Z,nexa_rem_env01_after,15,15,0,,331,unhealthy,docker-init
2026-09-28T23:29:26Z,nexa_rem_env01_after,15,15,0,,343,unhealthy,docker-init
2026-09-28T23:30:26Z,nexa_rem_env01_after,15,15,0,,354,unhealthy,docker-init
2026-09-28T23:31:26Z,nexa_rem_env01_after,15,15,0,,366,unhealthy,docker-init
2026-09-28T23:32:26Z,nexa_rem_env01_after,15,15,0,,378,unhealthy,docker-init
2026-09-28T23:33:26Z,nexa_rem_env01_after,15,15,0,,390,unhealthy,docker-init
2026-09-28T23:34:26Z,nexa_rem_env01_after,15,15,0,,402,unhealthy,docker-init
2026-09-28T23:35:27Z,nexa_rem_env01_after,15,15,0,,413,unhealthy,docker-init
2026-09-28T23:36:27Z,nexa_rem_env01_after,15,15,0,,425,unhealthy,docker-init
2026-09-28T23:37:27Z,nexa_rem_env01_after,15,15,0,,437,unhealthy,docker-init
2026-09-28T23:38:27Z,nexa_rem_env01_after,15,15,0,,449,unhealthy,docker-init
2026-09-28T23:39:27Z,nexa_rem_env01_after,15,15,0,,461,unhealthy,docker-init
2026-09-28T23:40:27Z,nexa_rem_env01_after,15,15,0,,473,unhealthy,docker-init
2026-09-28T23:41:27Z,nexa_rem_env01_after,15,15,0,,484,unhealthy,docker-init
2026-09-28T23:42:27Z,nexa_rem_env01_after,15,15,0,,496,unhealthy,docker-init
2026-09-28T23:43:27Z,nexa_rem_env01_after,15,15,0,,508,unhealthy,docker-init
2026-09-28T23:44:27Z,nexa_rem_env01_after,15,15,0,,520,unhealthy,docker-init
2026-09-28T23:45:27Z,nexa_rem_env01_after,15,15,0,,532,unhealthy,docker-init
2026-09-28T23:46:27Z,nexa_rem_env01_after,15,15,0,,543,unhealthy,docker-init
2026-09-28T23:47:27Z,nexa_rem_env01_after,15,15,0,,555,unhealthy,docker-init
2026-09-28T23:48:27Z,nexa_rem_env01_after,15,15,0,,567,unhealthy,docker-init
2026-09-28T23:49:28Z,nexa_rem_env01_after,15,15,0,,579,unhealthy,docker-init
2026-09-28T23:50:28Z,nexa_rem_env01_after,15,15,0,,591,unhealthy,docker-init
2026-09-28T23:51:28Z,nexa_rem_env01_after,15,15,0,,602,unhealthy,docker-init
2026-09-28T23:52:28Z,nexa_rem_env01_after,15,15,0,,614,unhealthy,docker-init
2026-09-28T23:53:28Z,nexa_rem_env01_after,15,15,0,,626,unhealthy,docker-init
2026-09-28T23:54:28Z,nexa_rem_env01_after,15,15,0,,638,unhealthy,docker-init
2026-09-28T23:55:28Z,nexa_rem_env01_after,15,15,0,,650,unhealthy,docker-init
2026-09-28T23:56:28Z,nexa_rem_env01_after,15,15,0,,662,unhealthy,docker-init
2026-09-28T23:57:28Z,nexa_rem_env01_after,15,15,0,,673,unhealthy,docker-init
2026-09-28T23:58:28Z,nexa_rem_env01_after,15,15,0,,685,unhealthy,docker-init
2026-09-28T23:59:28Z,nexa_rem_env01_after,15,15,0,,697,unhealthy,docker-init
2026-09-29T00:00:28Z,nexa_rem_env01_after,15,15,0,,709,unhealthy,docker-init
2026-09-29T00:01:28Z,nexa_rem_env01_after,15,15,0,,721,unhealthy,docker-init
2026-09-29T00:02:28Z,nexa_rem_env01_after,15,15,0,,732,unhealthy,docker-init
2026-09-29T00:03:29Z,nexa_rem_env01_after,15,15,0,,744,unhealthy,docker-init
2026-09-29T00:04:29Z,nexa_rem_env01_after,15,15,0,,756,unhealthy,docker-init
2026-09-29T00:05:29Z,nexa_rem_env01_after,15,15,0,,768,unhealthy,docker-init
2026-09-29T00:06:29Z,nexa_rem_env01_after,15,15,0,,780,unhealthy,docker-init
2026-09-29T00:07:29Z,nexa_rem_env01_after,15,15,0,,792,unhealthy,docker-init
2026-09-29T00:08:29Z,nexa_rem_env01_after,15,15,0,,803,unhealthy,docker-init
2026-09-29T00:09:29Z,nexa_rem_env01_after,15,15,0,,815,unhealthy,docker-init
2026-09-29T00:10:29Z,nexa_rem_env01_after,15,15,0,,827,unhealthy,docker-init
2026-09-29T00:11:29Z,nexa_rem_env01_after,15,15,0,,839,unhealthy,docker-init
2026-09-29T00:12:29Z,nexa_rem_env01_after,15,15,0,,851,unhealthy,docker-init
2026-09-29T00:13:29Z,nexa_rem_env01_after,15,15,0,,862,unhealthy,docker-init
2026-09-29T00:14:29Z,nexa_rem_env01_after,15,15,0,,874,unhealthy,docker-init
2026-09-29T00:15:29Z,nexa_rem_env01_after,15,15,0,,886,unhealthy,docker-init
2026-09-29T00:16:29Z,nexa_rem_env01_after,15,15,0,,898,unhealthy,docker-init
2026-09-29T00:17:30Z,nexa_rem_env01_after,15,15,0,,910,unhealthy,docker-init
2026-09-29T00:18:30Z,nexa_rem_env01_after,15,15,0,,921,unhealthy,docker-init
2026-09-29T00:19:30Z,nexa_rem_env01_after,15,15,0,,933,unhealthy,docker-init
2026-09-29T00:20:30Z,nexa_rem_env01_after,15,15,0,,945,unhealthy,docker-init
2026-09-29T00:21:30Z,nexa_rem_env01_after,15,15,0,,957,unhealthy,docker-init
2026-09-29T00:22:30Z,nexa_rem_env01_after,15,15,0,,969,unhealthy,docker-init
2026-09-29T00:23:30Z,nexa_rem_env01_after,17,17,0,,980,unhealthy,docker-init
2026-09-29T00:24:30Z,nexa_rem_env01_after,15,15,0,,992,unhealthy,docker-init
2026-09-29T00:25:30Z,nexa_rem_env01_after,15,15,0,,1004,unhealthy,docker-init
2026-09-29T00:26:30Z,nexa_rem_env01_after,15,15,0,,1016,unhealthy,docker-init
2026-09-29T00:27:30Z,nexa_rem_env01_after,15,15,0,,1028,unhealthy,docker-init
2026-09-29T00:28:30Z,nexa_rem_env01_after,15,15,0,,1040,unhealthy,docker-init
2026-09-29T00:29:30Z,nexa_rem_env01_after,15,15,0,,1051,unhealthy,docker-init
2026-09-29T00:30:30Z,nexa_rem_env01_after,15,15,0,,1063,unhealthy,docker-init
2026-09-29T00:31:31Z,nexa_rem_env01_after,15,15,0,,1075,unhealthy,docker-init
2026-09-29T00:32:31Z,nexa_rem_env01_after,15,15,0,,1087,unhealthy,docker-init
2026-09-29T00:33:31Z,nexa_rem_env01_after,15,15,0,,1099,unhealthy,docker-init
2026-09-29T00:34:31Z,nexa_rem_env01_after,15,15,0,,1110,unhealthy,docker-init
2026-09-29T00:35:31Z,nexa_rem_env01_after,15,15,0,,1122,unhealthy,docker-init
2026-09-29T00:36:31Z,nexa_rem_env01_after,15,15,0,,1134,unhealthy,docker-init
2026-09-29T00:37:31Z,nexa_rem_env01_after,15,15,0,,1146,unhealthy,docker-init
2026-09-29T00:38:31Z,nexa_rem_env01_after,15,15,0,,1158,unhealthy,docker-init
2026-09-29T00:39:31Z,nexa_rem_env01_after,21,21,0,,1169,unhealthy,docker-init
2026-09-29T00:40:31Z,nexa_rem_env01_after,15,15,0,,1181,unhealthy,docker-init
2026-09-29T00:41:31Z,nexa_rem_env01_after,15,15,0,,1193,unhealthy,docker-init
2026-09-29T00:42:31Z,nexa_rem_env01_after,15,15,0,,1205,unhealthy,docker-init
2026-09-29T00:43:31Z,nexa_rem_env01_after,15,15,0,,1217,unhealthy,docker-init
2026-09-29T00:44:31Z,nexa_rem_env01_after,15,15,0,,1229,unhealthy,docker-init
2026-09-29T00:45:32Z,nexa_rem_env01_after,15,15,0,,1240,unhealthy,docker-init
2026-09-29T00:46:32Z,nexa_rem_env01_after,15,15,0,,1252,unhealthy,docker-init
2026-09-29T00:47:32Z,nexa_rem_env01_after,15,15,0,,1264,unhealthy,docker-init
2026-09-29T00:48:32Z,nexa_rem_env01_after,15,15,0,,1276,unhealthy,docker-init
2026-09-29T00:49:32Z,nexa_rem_env01_after,15,15,0,,1288,unhealthy,docker-init
2026-09-29T00:50:32Z,nexa_rem_env01_after,15,15,0,,1299,unhealthy,docker-init
2026-09-29T00:51:32Z,nexa_rem_env01_after,15,15,0,,1311,unhealthy,docker-init
2026-09-29T00:52:32Z,nexa_rem_env01_after,15,15,0,,1323,unhealthy,docker-init
2026-09-29T00:53:32Z,nexa_rem_env01_after,15,15,0,,1335,unhealthy,docker-init
2026-09-29T00:54:32Z,nexa_rem_env01_after,15,15,0,,1347,unhealthy,docker-init
2026-09-29T00:55:32Z,nexa_rem_env01_after,15,15,0,,1358,unhealthy,docker-init
2026-09-29T00:56:32Z,nexa_rem_env01_after,15,15,0,,1370,unhealthy,docker-init
2026-09-29T00:57:32Z,nexa_rem_env01_after,15,15,0,,1382,unhealthy,docker-init
2026-09-29T00:58:32Z,nexa_rem_env01_after,15,15,0,,1394,unhealthy,docker-init
2026-09-29T00:59:33Z,nexa_rem_env01_after,15,15,0,,1406,unhealthy,docker-init
2026-09-29T01:00:33Z,nexa_rem_env01_after,15,15,0,,1418,unhealthy,docker-init
2026-09-29T01:01:33Z,nexa_rem_env01_after,15,15,0,,1429,unhealthy,docker-init
2026-09-29T01:02:33Z,nexa_rem_env01_after,15,15,0,,1441,unhealthy,docker-init
2026-09-29T01:03:33Z,nexa_rem_env01_after,15,15,0,,1453,unhealthy,docker-init
2026-09-29T01:04:33Z,nexa_rem_env01_after,15,15,0,,1465,unhealthy,docker-init
2026-09-29T01:05:33Z,nexa_rem_env01_after,15,15,0,,1477,unhealthy,docker-init
2026-09-29T01:06:33Z,nexa_rem_env01_after,15,15,0,,1488,unhealthy,docker-init
2026-09-29T01:07:33Z,nexa_rem_env01_after,15,15,0,,1500,unhealthy,docker-init
2026-09-29T01:08:33Z,nexa_rem_env01_after,15,15,0,,1512,unhealthy,docker-init
2026-09-29T01:09:33Z,nexa_rem_env01_after,15,15,0,,1524,unhealthy,docker-init
2026-09-29T01:10:33Z,nexa_rem_env01_after,15,15,0,,1536,unhealthy,docker-init
2026-09-29T01:11:33Z,nexa_rem_env01_after,15,15,0,,1547,unhealthy,docker-init
2026-09-29T01:12:33Z,nexa_rem_env01_after,15,15,0,,1559,unhealthy,docker-init
2026-09-29T01:13:34Z,nexa_rem_env01_after,15,15,0,,1571,unhealthy,docker-init
2026-09-29T01:14:34Z,nexa_rem_env01_after,15,15,0,,1583,unhealthy,docker-init
2026-09-29T01:15:34Z,nexa_rem_env01_after,15,15,0,,1595,unhealthy,docker-init
2026-09-29T01:16:34Z,nexa_rem_env01_after,15,15,0,,1607,unhealthy,docker-init
2026-09-29T01:17:34Z,nexa_rem_env01_after,15,15,0,,1618,unhealthy,docker-init
2026-09-29T01:18:34Z,nexa_rem_env01_after,15,15,0,,1630,unhealthy,docker-init
2026-09-29T01:19:34Z,nexa_rem_env01_after,15,15,0,,1642,unhealthy,docker-init
2026-09-29T01:20:34Z,nexa_rem_env01_after,15,15,0,,1654,unhealthy,docker-init
2026-09-29T01:21:34Z,nexa_rem_env01_after,15,15,0,,1666,unhealthy,docker-init
2026-09-29T01:22:34Z,nexa_rem_env01_after,15,15,0,,1677,unhealthy,docker-init
2026-09-29T01:23:34Z,nexa_rem_env01_after,15,15,0,,1689,unhealthy,docker-init
2026-09-29T01:24:34Z,nexa_rem_env01_after,15,15,0,,1701,unhealthy,docker-init
2026-09-29T01:25:34Z,nexa_rem_env01_after,15,15,0,,1713,unhealthy,docker-init
2026-09-29T01:26:34Z,nexa_rem_env01_after,15,15,0,,1725,unhealthy,docker-init
2026-09-29T01:27:35Z,nexa_rem_env01_after,15,15,0,,1736,unhealthy,docker-init
2026-09-29T01:28:35Z,nexa_rem_env01_after,15,15,0,,1748,unhealthy,docker-init
2026-09-29T01:29:35Z,nexa_rem_env01_after,15,15,0,,1760,unhealthy,docker-init
2026-09-29T01:30:35Z,nexa_rem_env01_after,15,15,0,,1772,unhealthy,docker-init
2026-09-29T01:31:35Z,nexa_rem_env01_after,15,15,0,,1784,unhealthy,docker-init
2026-09-29T01:32:35Z,nexa_rem_env01_after,15,15,0,,1796,unhealthy,docker-init
2026-09-29T01:33:35Z,nexa_rem_env01_after,15,15,0,,1807,unhealthy,docker-init
2026-09-29T01:34:35Z,nexa_rem_env01_after,15,15,0,,1819,unhealthy,docker-init
2026-09-29T01:35:35Z,nexa_rem_env01_after,15,15,0,,1831,unhealthy,docker-init
2026-09-29T01:36:35Z,nexa_rem_env01_after,15,15,0,,1843,unhealthy,docker-init
2026-09-29T01:37:35Z,nexa_rem_env01_after,15,15,0,,1855,unhealthy,docker-init
2026-09-29T01:38:35Z,nexa_rem_env01_after,15,15,0,,1866,unhealthy,docker-init
2026-09-29T01:39:35Z,nexa_rem_env01_after,15,15,0,,1878,unhealthy,docker-init
2026-09-29T01:40:35Z,nexa_rem_env01_after,15,15,0,,1890,unhealthy,docker-init
2026-09-29T01:41:36Z,nexa_rem_env01_after,15,15,0,,1902,unhealthy,docker-init
2026-09-29T01:42:36Z,nexa_rem_env01_after,15,15,0,,1914,unhealthy,docker-init
2026-09-29T01:43:36Z,nexa_rem_env01_after,15,15,0,,1925,unhealthy,docker-init
2026-09-29T01:44:36Z,nexa_rem_env01_after,15,15,0,,1937,unhealthy,docker-init
2026-09-29T01:45:36Z,nexa_rem_env01_after,15,15,0,,1949,unhealthy,docker-init
2026-09-29T01:46:36Z,nexa_rem_env01_after,15,15,0,,1961,unhealthy,docker-init
2026-09-29T01:47:36Z,nexa_rem_env01_after,15,15,0,,1973,unhealthy,docker-init
2026-09-29T01:48:36Z,nexa_rem_env01_after,15,15,0,,1985,unhealthy,docker-init
2026-09-29T01:49:36Z,nexa_rem_env01_after,15,15,0,,1996,unhealthy,docker-init
2026-09-29T01:50:36Z,nexa_rem_env01_after,15,15,0,,2008,unhealthy,docker-init
2026-09-29T01:51:36Z,nexa_rem_env01_after,15,15,0,,2020,unhealthy,docker-init
2026-09-29T01:52:36Z,nexa_rem_env01_after,15,15,0,,2032,unhealthy,docker-init
2026-09-29T01:53:36Z,nexa_rem_env01_after,15,15,0,,2044,unhealthy,docker-init
2026-09-29T01:54:36Z,nexa_rem_env01_after,15,15,0,,2055,unhealthy,docker-init
2026-09-29T01:55:37Z,nexa_rem_env01_after,15,15,0,,2067,unhealthy,docker-init
2026-09-29T01:56:37Z,nexa_rem_env01_after,15,15,0,,2079,unhealthy,docker-init
2026-09-29T01:57:37Z,nexa_rem_env01_after,15,15,0,,2091,unhealthy,docker-init
2026-09-29T01:58:37Z,nexa_rem_env01_after,15,15,0,,2103,unhealthy,docker-init
2026-09-29T01:59:37Z,nexa_rem_env01_after,15,15,0,,2114,unhealthy,docker-init
2026-09-29T02:00:37Z,nexa_rem_env01_after,15,15,0,,2126,unhealthy,docker-init
2026-09-29T02:01:37Z,nexa_rem_env01_after,15,15,0,,2138,unhealthy,docker-init
2026-09-29T02:02:37Z,nexa_rem_env01_after,15,15,0,,2150,unhealthy,docker-init
2026-09-29T02:03:37Z,nexa_rem_env01_after,15,15,0,,2162,unhealthy,docker-init
2026-09-29T02:04:37Z,nexa_rem_env01_after,15,15,0,,2174,unhealthy,docker-init
2026-09-29T02:05:37Z,nexa_rem_env01_after,15,15,0,,2185,unhealthy,docker-init
2026-09-29T02:06:37Z,nexa_rem_env01_after,15,15,0,,2197,unhealthy,docker-init
2026-09-29T02:07:37Z,nexa_rem_env01_after,15,15,0,,2209,unhealthy,docker-init
2026-09-29T02:08:37Z,nexa_rem_env01_after,15,15,0,,2221,unhealthy,docker-init
2026-09-29T02:09:38Z,nexa_rem_env01_after,15,15,0,,2233,unhealthy,docker-init
2026-09-29T02:10:38Z,nexa_rem_env01_after,15,15,0,,2244,unhealthy,docker-init
2026-09-29T02:11:38Z,nexa_rem_env01_after,15,15,0,,2256,unhealthy,docker-init
2026-09-29T02:12:38Z,nexa_rem_env01_after,15,15,0,,2268,unhealthy,docker-init
2026-09-29T02:13:38Z,nexa_rem_env01_after,15,15,0,,2280,unhealthy,docker-init
2026-09-29T02:14:38Z,nexa_rem_env01_after,15,15,0,,2292,unhealthy,docker-init
2026-09-29T02:15:38Z,nexa_rem_env01_after,15,15,0,,2303,unhealthy,docker-init
2026-09-29T02:16:38Z,nexa_rem_env01_after,15,15,0,,2315,unhealthy,docker-init
2026-09-29T02:17:38Z,nexa_rem_env01_after,15,15,0,,2327,unhealthy,docker-init
2026-09-29T02:18:38Z,nexa_rem_env01_after,15,15,0,,2339,unhealthy,docker-init
2026-09-29T02:19:38Z,nexa_rem_env01_after,15,15,0,,2351,unhealthy,docker-init
2026-09-29T02:20:38Z,nexa_rem_env01_after,15,15,0,,2363,unhealthy,docker-init
2026-09-29T02:21:38Z,nexa_rem_env01_after,15,15,0,,2374,unhealthy,docker-init
2026-09-29T02:22:38Z,nexa_rem_env01_after,15,15,0,,2386,unhealthy,docker-init
2026-09-29T02:23:39Z,nexa_rem_env01_after,15,15,0,,2398,unhealthy,docker-init
2026-09-29T02:24:39Z,nexa_rem_env01_after,15,15,0,,2410,unhealthy,docker-init
2026-09-29T02:25:39Z,nexa_rem_env01_after,15,15,0,,2422,unhealthy,docker-init
2026-09-29T02:26:39Z,nexa_rem_env01_after,15,15,0,,2433,unhealthy,docker-init
2026-09-29T02:27:39Z,nexa_rem_env01_after,15,15,0,,2445,unhealthy,docker-init
2026-09-29T02:28:39Z,nexa_rem_env01_after,15,15,0,,2457,unhealthy,docker-init
2026-09-29T02:29:39Z,nexa_rem_env01_after,15,15,0,,2469,unhealthy,docker-init
2026-09-29T02:30:39Z,nexa_rem_env01_after,15,15,0,,2481,unhealthy,docker-init
2026-09-29T02:31:39Z,nexa_rem_env01_after,15,15,0,,2492,unhealthy,docker-init
2026-09-29T02:32:39Z,nexa_rem_env01_after,15,15,0,,2504,unhealthy,docker-init
2026-09-29T02:33:39Z,nexa_rem_env01_after,15,15,0,,2516,unhealthy,docker-init
2026-09-29T02:34:39Z,nexa_rem_env01_after,15,15,0,,2528,unhealthy,docker-init
2026-09-29T02:35:39Z,nexa_rem_env01_after,15,15,0,,2540,unhealthy,docker-init
2026-09-29T02:36:39Z,nexa_rem_env01_after,15,15,0,,2552,unhealthy,docker-init
2026-09-29T02:37:40Z,nexa_rem_env01_after,15,15,0,,2563,unhealthy,docker-init
2026-09-29T02:38:40Z,nexa_rem_env01_after,15,15,0,,2575,unhealthy,docker-init
2026-09-29T02:39:40Z,nexa_rem_env01_after,15,15,0,,2587,unhealthy,docker-init
2026-09-29T02:40:40Z,nexa_rem_env01_after,15,15,0,,2599,unhealthy,docker-init
2026-09-29T02:41:40Z,nexa_rem_env01_after,15,15,0,,2611,unhealthy,docker-init
2026-09-29T02:42:40Z,nexa_rem_env01_after,15,15,0,,2622,unhealthy,docker-init
2026-09-29T02:43:40Z,nexa_rem_env01_after,15,15,0,,2634,unhealthy,docker-init
2026-09-29T02:44:40Z,nexa_rem_env01_after,15,15,0,,2646,unhealthy,docker-init
2026-09-29T02:45:40Z,nexa_rem_env01_after,15,15,0,,2658,unhealthy,docker-init
2026-09-29T02:46:40Z,nexa_rem_env01_after,15,15,0,,2670,unhealthy,docker-init
2026-09-29T02:47:40Z,nexa_rem_env01_after,15,15,0,,2681,unhealthy,docker-init
2026-09-29T02:48:40Z,nexa_rem_env01_after,15,15,0,,2693,unhealthy,docker-init
2026-09-29T02:49:40Z,nexa_rem_env01_after,15,15,0,,2705,unhealthy,docker-init
2026-09-29T02:50:40Z,nexa_rem_env01_after,15,15,0,,2717,unhealthy,docker-init
2026-09-29T02:51:41Z,nexa_rem_env01_after,15,15,0,,2729,unhealthy,docker-init
2026-09-29T02:52:41Z,nexa_rem_env01_after,17,17,0,,2740,unhealthy,docker-init
2026-09-29T02:53:41Z,nexa_rem_env01_after,15,15,0,,2752,unhealthy,docker-init
2026-09-29T02:54:41Z,nexa_rem_env01_after,15,15,0,,2764,unhealthy,docker-init
2026-09-29T02:55:41Z,nexa_rem_env01_after,15,15,0,,2776,unhealthy,docker-init
2026-09-29T02:56:41Z,nexa_rem_env01_after,15,15,0,,2788,unhealthy,docker-init
2026-09-29T02:57:41Z,nexa_rem_env01_after,15,15,0,,2800,unhealthy,docker-init
2026-09-29T02:58:41Z,nexa_rem_env01_after,15,15,0,,2811,unhealthy,docker-init
2026-09-29T02:59:41Z,nexa_rem_env01_after,15,15,0,,2823,unhealthy,docker-init
